Lake George Water Temp 2020,
2020-06-05 11:18:08,57.31
2020-06-05 12:18:34,57.88
2020-06-05 13:12:16,58.21
2020-06-05 13:15:37,58.21
2020-06-05 14:09:20,57.65
2020-06-05 14:39:33,58.21
2020-06-05 14:52:59,57.42
2020-06-05 15:53:25,57.09
2020-06-05 17:57:38,56.64
2020-06-05 22:29:34,55.96
2020-06-05 23:13:12,56.3
2020-06-06 02:17:50,54.72
2020-06-06 04:22:03,55.63
2020-06-06 06:26:15,55.96
2020-06-06 07:53:33,56.3
2020-06-06 13:29:15,59.11
2020-06-06 22:23:02,60.46
2020-06-07 06:29:50,59.45
2020-06-07 10:24:52,59.9
2020-06-07 12:22:24,60.46
2020-06-07 13:12:47,60.58
2020-06-07 13:49:43,60.69
2020-06-07 17:07:51,60.8
2020-06-08 00:11:00,60.35
2020-06-08 01:55:05,60.24
2020-06-08 02:48:49,60.12
2020-06-08 08:51:31,59.79
2020-06-08 09:35:11,59.9
2020-06-08 09:41:55,59.9
2020-06-08 13:57:31,61.47
2020-06-08 14:00:32,61.59
2020-06-08 14:10:37,61.59
2020-06-08 21:10:26,62.15
2020-06-09 03:03:05,61.47
2020-06-09 03:50:06,61.47
2020-06-09 04:57:15,61.47
2020-06-09 08:52:20,61.47
2020-06-09 12:23:55,62.26
2020-06-09 12:34:00,62.6
2020-06-09 14:14:44,63.16
2020-06-09 14:18:05,63.28
2020-06-09 16:08:55,63.28
2020-06-09 20:30:51,62.94
2020-06-09 20:54:21,62.83
2020-06-10 00:00:00,64.02
2020-06-10 08:29:28,62.26
2020-06-10 09:33:16,62.6
2020-06-10 12:01:03,63.39
2020-06-10 12:17:49,63.5
2020-06-10 13:48:33,63.28
2020-06-10 17:16:45,63.05
2020-06-10 19:27:43,63.39
2020-06-10 21:31:58,62.94
2020-06-10 22:42:29,62.83
2020-06-11 05:52:18,63.16
2020-06-11 08:57:00,62.38
2020-06-11 10:47:53,62.26
2020-06-11 11:48:20,62.26
2020-06-11 13:59:20,62.94
2020-06-11 14:26:12,63.39
2020-06-11 16:06:56,63.95
2020-06-11 17:10:45,64.62
2020-06-11 20:32:13,64.85
2020-06-11 23:26:51,63.28
2020-06-11 23:33:34,63.28
2020-06-12 00:20:35,62.49
2020-06-12 03:35:21,61.92
2020-06-12 04:49:13,61.7
2020-06-12 07:03:32,60.8
2020-06-12 10:28:24,61.25
2020-06-12 12:12:29,61.7
2020-06-12 13:29:43,62.26
2020-06-12 13:33:04,62.26
2020-06-12 14:50:18,62.49
2020-06-12 16:07:32,62.83
2020-06-12 16:41:07,62.94
2020-06-12 21:23:12,62.26
2020-06-13 01:31:42,59.45
2020-06-13 08:24:45,59.67
2020-06-13 16:31:43,60.69
2020-06-13 18:42:40,60.69
2020-06-13 22:20:57,60.58
2020-06-13 23:07:58,60.58
2020-06-14 01:59:14,60.46
2020-06-14 06:24:32,60.12
2020-06-14 08:35:29,60.35
2020-06-14 09:02:21,60.35
2020-06-14 11:16:42,60.69
2020-06-14 13:04:10,61.36
2020-06-14 15:31:55,61.7
2020-06-14 17:42:53,61.92
2020-06-14 18:26:32,61.92
2020-06-14 20:37:30,62.04
2020-06-14 22:45:06,61.92
2020-06-15 01:16:14,61.81
2020-06-15 02:26:45,61.81
2020-06-15 07:59:12,61.59
2020-06-15 09:39:57,61.7
2020-06-15 11:34:07,62.26
2020-06-15 13:51:48,62.49
2020-06-15 18:03:40,63.72
2020-06-15 21:35:14,64.06
2020-06-15 23:12:37,63.72
2020-06-15 23:56:16,63.72
2020-06-16 07:56:29,62.83
2020-06-16 09:30:31,62.94
2020-06-16 00:00:00,64.4
2020-06-16 14:15:57,65.07
2020-06-16 15:09:40,66.09
2020-06-16 17:37:26,66.99
2020-06-16 17:57:34,67.55
2020-06-16 20:32:03,66.31
2020-06-16 20:38:46,66.09
2020-06-17 00:23:45,65.86
2020-06-17 02:14:35,65.64
2020-06-17 06:39:52,65.07
2020-06-17 13:26:12,66.65
2020-06-17 23:57:31,67.21
2020-06-18 01:04:41,66.99
2020-06-18 03:49:14,66.87
2020-06-18 07:27:31,66.31
2020-06-18 11:05:48,66.65
2020-06-18 11:15:52,66.76
2020-06-18 11:42:44,67.44
2020-06-18 18:42:30,67.21
2020-06-18 19:02:38,67.1
2020-06-18 22:00:43,66.31
2020-06-18 22:44:22,66.43
2020-06-19 02:42:49,66.09
2020-06-19 03:56:42,65.3
2020-06-19 07:38:20,64.85
2020-06-19 08:48:51,64.4
2020-06-19 09:09:00,64.62
2020-06-19 09:12:21,64.4
2020-06-19 12:37:13,64.74
2020-06-19 13:47:44,64.85
2020-06-19 16:39:00,65.41
2020-06-19 19:40:20,64.74
2020-06-19 22:34:57,64.51
2020-06-19 22:55:05,64.29
2020-06-19 22:58:27,64.29
2020-06-20 01:56:27,63.72
2020-06-20 02:36:44,63.84
2020-06-20 08:15:54,63.61
2020-06-20 08:49:29,63.72
2020-06-20 15:49:19,67.55
2020-06-20 20:31:23,66.54
2020-06-20 21:08:20,66.31
2020-06-20 23:05:52,66.31
2020-06-20 23:19:18,66.2
2020-06-21 00:06:19,66.54
2020-06-21 00:46:37,66.43
2020-06-21 04:28:15,66.2
2020-06-21 13:29:06,66.54
2020-06-21 21:46:07,66.99
2020-06-22 00:50:49,67.32
2020-06-22 04:19:01,67.21
2020-06-22 05:19:27,66.99
2020-06-22 05:42:58,67.1
2020-06-22 07:13:38,66.99
2020-06-22 08:10:42,67.21
2020-06-22 09:14:31,67.32
2020-06-22 09:38:01,67.78
2020-06-22 11:05:20,68.79
2020-06-22 11:12:03,68.9
2020-06-22 13:43:10,69.57
2020-06-22 20:36:14,69.46
2020-06-22 21:43:24,68.9
2020-06-23 02:01:58,69.01
2020-06-23 08:48:18,69.12
2020-06-23 11:22:46,68.68
2020-06-23 12:26:34,68.11
2020-06-23 13:37:06,67.66
2020-06-23 18:29:15,65.3
2020-06-23 22:04:16,66.54
2020-06-23 22:17:42,66.54
2020-06-24 00:28:45,65.41
2020-06-24 00:58:58,65.41
2020-06-24 03:40:10,66.31
2020-06-24 03:56:57,66.31
2020-06-24 05:17:33,66.2
2020-06-24 14:58:31,66.76
2020-06-24 15:55:35,66.99
2020-06-24 16:52:41,67.1
2020-06-24 23:59:15,62.94
2020-06-25 04:51:34,62.15
2020-06-25 06:02:05,62.15
2020-06-25 15:59:53,63.39
2020-06-25 16:33:27,61.92
2020-06-25 21:05:28,62.71
2020-06-26 01:13:58,60.8
2020-06-26 03:28:21,60.69
2020-06-26 05:59:28,61.03
2020-06-26 14:29:56,64.06
2020-06-26 15:06:56,64.51
2020-06-26 15:53:57,64.85
2020-06-26 20:52:49,65.19
2020-06-26 20:59:32,65.19
2020-06-26 23:40:43,64.62
2020-06-27 00:10:56,64.62
2020-06-27 04:46:19,64.06
2020-06-27 04:56:24,64.06
2020-06-27 08:07:49,64.62
2020-06-27 11:15:53,65.53
2020-06-27 11:25:57,65.53
2020-06-27 15:27:44,66.09
2020-06-27 18:12:17,66.43
2020-06-27 21:43:51,66.2
2020-06-28 02:46:10,65.75
2020-06-28 06:17:45,65.41
2020-06-28 07:55:07,65.3
2020-06-28 09:05:40,65.53
2020-06-28 10:32:59,65.53
2020-06-28 12:13:43,65.75
2020-06-28 13:17:31,65.53
2020-06-28 15:35:15,65.75
2020-06-29 00:09:11,66.09
2020-06-29 03:57:33,66.09
2020-06-29 11:47:42,66.99
2020-06-29 14:02:01,67.78
2020-06-29 16:23:04,68.11
2020-06-29 16:29:47,68.34
2020-06-29 17:40:19,68.45
2020-06-29 19:21:04,68.34
2020-06-29 20:28:14,68.34
2020-06-29 22:22:25,68
2020-06-29 23:43:01,68
2020-06-30 00:33:22,67.89
2020-06-30 00:53:32,68
2020-06-30 13:39:13,68.9
2020-06-30 17:10:46,69.69
2020-07-01 03:48:49,68.79
2020-07-01 08:14:18,68.68
2020-07-01 08:24:22,68.68
2020-07-01 09:04:48,68.68
2020-07-01 09:21:36,68.68
2020-07-01 09:28:19,68.56
2020-07-01 10:45:34,68.56
2020-07-01 11:02:21,68.56
2020-07-01 12:43:07,69.24
2020-07-01 13:03:16,69.46
2020-07-01 13:50:46,69.69
2020-07-01 14:07:38,69.91
2020-07-01 15:11:26,70.03
2020-07-01 15:18:10,69.69
2020-07-01 16:08:32,70.03
2020-07-01 16:11:53,70.03
2020-07-01 17:15:42,70.36
2020-07-01 18:06:09,70.25
2020-07-01 20:07:08,70.36
2020-07-01 20:34:00,70.47
2020-07-01 21:14:18,70.47
2020-07-01 22:34:54,70.25
2020-07-01 23:08:29,70.25
2020-07-01 23:31:59,70.14
2020-07-02 01:53:02,69.91
2020-07-02 02:09:48,69.91
2020-07-02 03:00:11,69.8
2020-07-02 05:24:34,69.57
2020-07-02 05:31:17,69.69
2020-07-02 05:54:48,69.57
2020-07-02 08:19:11,69.57
2020-07-02 09:39:49,69.69
2020-07-02 09:49:53,69.69
2020-07-02 10:20:06,69.8
2020-07-02 10:43:39,69.8
2020-07-02 11:57:32,70.14
2020-07-02 13:04:43,70.59
2020-07-02 14:32:01,71.15
2020-07-02 14:38:44,71.26
2020-07-02 15:45:54,71.71
2020-07-02 17:19:56,71.82
2020-07-02 17:53:32,71.71
2020-07-02 18:10:19,71.82
2020-07-02 18:23:45,71.94
2020-07-02 18:30:28,71.82
2020-07-02 19:51:04,72.28
2020-07-02 20:07:52,72.28
2020-07-02 20:44:48,72.28
2020-07-02 22:18:50,71.71
2020-07-02 23:09:12,71.82
2020-07-02 23:15:55,71.6
2020-07-03 00:06:17,71.6
2020-07-03 01:36:58,71.6
2020-07-03 03:37:52,71.37
2020-07-03 04:14:48,71.49
2020-07-03 04:51:44,71.37
2020-07-03 06:12:20,71.49
2020-07-03 06:32:30,71.49
2020-07-03 07:26:12,71.37
2020-07-03 07:36:17,71.49
2020-07-03 08:40:05,71.49
2020-07-03 08:56:52,71.49
2020-07-03 09:03:35,71.6
2020-07-03 09:17:01,71.49
2020-07-03 09:43:53,71.6
2020-07-03 11:24:38,71.71
2020-07-03 13:25:31,72.16
2020-07-03 13:35:36,72.28
2020-07-03 14:52:50,72.61
2020-07-03 15:56:39,73.06
2020-07-03 16:30:13,73.29
2020-07-03 17:17:15,73.4
2020-07-03 17:40:45,73.51
2020-07-03 18:04:16,73.4
2020-07-03 18:58:04,73.29
2020-07-03 19:41:44,73.18
2020-07-03 20:42:11,73.18
2020-07-03 22:39:43,73.06
2020-07-03 23:23:22,72.84
2020-07-03 23:33:27,72.84
2020-07-04 01:00:46,72.61
2020-07-04 02:24:43,72.5
2020-07-04 05:49:33,72.39
2020-07-04 06:19:46,72.28
2020-07-04 06:33:12,72.28
2020-07-04 06:53:23,72.39
2020-07-04 07:26:58,72.28
2020-07-04 07:57:11,72.39
2020-07-04 08:27:26,72.28
2020-07-04 09:04:23,72.39
2020-07-04 11:55:39,73.06
2020-07-04 12:02:22,73.06
2020-07-04 12:35:57,73.4
2020-07-04 13:59:54,73.85
2020-07-04 15:23:51,74.3
2020-07-04 15:57:26,74.41
2020-07-04 16:44:27,74.41
2020-07-04 17:41:32,74.53
2020-07-04 18:35:15,74.75
2020-07-04 18:45:20,74.75
2020-07-04 18:55:24,74.75
2020-07-04 19:25:42,74.86
2020-07-04 19:39:08,74.86
2020-07-04 20:19:27,74.75
2020-07-04 20:39:35,74.75
2020-07-04 21:13:10,74.64
2020-07-04 21:16:31,74.64
2020-07-04 22:00:11,74.3
2020-07-04 22:30:29,74.3
2020-07-04 22:40:33,74.3
2020-07-04 22:57:21,74.3
2020-07-04 23:10:46,74.3
2020-07-05 00:14:35,74.19
2020-07-05 00:24:39,74.19
2020-07-05 00:51:31,74.07
2020-07-05 01:08:18,73.96
2020-07-05 04:02:56,73.51
2020-07-05 06:34:02,73.29
2020-07-05 07:09:57,73.18
2020-07-05 07:26:45,73.29
2020-07-05 07:33:28,73.29
2020-07-05 07:43:32,73.29
2020-07-05 08:23:51,73.29
2020-07-05 08:27:11,73.29
2020-07-05 10:11:18,73.51
2020-07-05 10:34:48,73.51
2020-07-05 11:11:44,73.74
2020-07-05 11:21:49,73.74
2020-07-05 11:35:14,73.85
2020-07-05 11:38:36,73.85
2020-07-05 12:05:28,73.96
2020-07-05 12:15:33,74.07
2020-07-05 12:45:46,74.19
2020-07-05 13:59:39,74.53
2020-07-05 14:03:00,74.53
2020-07-05 14:56:44,74.64
2020-07-05 15:16:53,74.64
2020-07-05 15:53:49,74.64
2020-07-05 15:57:10,74.64
2020-07-05 16:10:36,74.64
2020-07-05 16:40:50,74.75
2020-07-05 16:57:37,74.64
2020-07-05 18:18:16,74.75
2020-07-05 18:48:30,74.75
2020-07-05 19:15:21,74.75
2020-07-05 20:19:09,74.75
2020-07-05 20:39:18,74.86
2020-07-05 22:50:16,74.53
2020-07-05 23:10:25,74.53
2020-07-05 23:30:34,74.41
2020-07-05 23:40:38,74.41
2020-07-05 23:50:43,74.41
2020-07-06 00:10:51,74.41
2020-07-06 01:48:16,74.19
2020-07-06 02:48:42,74.07
2020-07-06 02:52:03,74.07
2020-07-06 03:02:09,74.07
2020-07-06 03:08:51,74.07
2020-07-06 03:35:42,73.96
2020-07-06 03:49:08,73.96
2020-07-06 05:03:01,73.96
2020-07-06 05:19:49,73.96
2020-07-06 06:03:28,73.85
2020-07-06 06:16:54,73.85
2020-07-06 07:03:55,73.74
2020-07-06 07:37:30,73.74
2020-07-06 08:44:40,73.74
2020-07-06 09:14:53,73.74
2020-07-06 09:48:28,73.74
2020-07-06 10:01:54,73.74
2020-07-06 12:09:31,74.3
2020-07-06 12:43:06,74.41
2020-07-06 12:53:09,74.53
2020-07-06 13:33:27,74.75
2020-07-06 15:20:58,75.09
2020-07-06 16:44:54,75.65
2020-07-06 17:05:03,75.76
2020-07-06 17:18:29,75.76
2020-07-06 17:31:55,75.76
2020-07-06 18:45:47,75.87
2020-07-06 20:03:01,76.32
2020-07-06 21:06:50,76.55
2020-07-06 21:13:33,76.55
2020-07-06 21:33:42,76.44
2020-07-06 22:00:35,76.1
2020-07-06 23:04:24,75.76
2020-07-06 23:14:28,75.65
2020-07-06 23:21:11,75.65
2020-07-06 23:48:03,75.54
2020-07-06 23:58:07,75.54
2020-07-07 01:42:13,75.31
2020-07-07 02:09:05,75.09
2020-07-07 03:16:14,74.97
2020-07-07 05:30:33,74.75
2020-07-07 06:14:13,74.75
2020-07-07 06:44:26,74.75
2020-07-07 07:07:57,74.64
2020-07-07 07:34:48,74.75
2020-07-07 09:29:00,74.75
2020-07-07 09:49:09,74.75
2020-07-07 10:56:18,74.64
2020-07-07 10:59:40,74.75
2020-07-07 11:09:44,74.64
2020-07-07 12:30:20,74.75
2020-07-07 13:00:33,74.86
2020-07-07 13:10:37,74.86
2020-07-07 15:21:38,74.53
2020-07-07 15:31:42,74.41
2020-07-07 16:12:00,74.07
2020-07-07 17:12:26,73.85
2020-07-07 18:43:07,73.51
2020-07-07 18:53:14,73.51
2020-07-07 20:37:20,72.16
2020-07-07 21:14:17,72.5
2020-07-07 21:17:38,72.5
2020-07-07 21:54:35,72.61
2020-07-07 22:18:05,72.72
2020-07-07 22:28:09,72.84
2020-07-07 22:51:40,72.72
2020-07-07 23:18:32,72.5
2020-07-08 00:29:04,71.71
2020-07-08 00:32:25,71.71
2020-07-08 00:55:55,71.71
2020-07-08 01:12:43,71.6
2020-07-08 01:49:39,71.49
2020-07-08 03:23:41,70.81
2020-07-08 04:37:34,69.57
2020-07-08 06:01:31,69.12
2020-07-08 06:21:40,68.79
2020-07-08 10:23:28,67.78
2020-07-08 10:30:11,68
2020-07-08 10:57:05,68.22
2020-07-08 11:27:18,68.68
2020-07-08 11:47:27,68.34
2020-07-08 12:04:14,68.11
2020-07-08 12:37:50,68.22
2020-07-08 12:41:11,68.34
2020-07-08 13:04:41,68.34
2020-07-08 14:32:00,68.68
2020-07-08 15:19:01,69.24
2020-07-08 15:29:05,69.46
2020-07-08 16:36:15,69.12
2020-07-08 16:46:19,69.12
2020-07-08 16:56:23,69.24
2020-07-08 17:13:11,69.12
2020-07-08 17:36:41,68.79
2020-07-08 17:56:50,68.79
2020-07-08 18:37:08,69.24
2020-07-08 18:50:34,69.57
2020-07-08 19:27:30,67.78
2020-07-08 20:01:04,68.9
2020-07-08 21:31:45,68.11
2020-07-08 21:58:37,68.45
2020-07-08 23:46:04,69.01
2020-07-08 23:59:30,69.12
2020-07-09 00:09:34,69.24
2020-07-09 00:12:56,69.24
2020-07-09 00:33:05,69.24
2020-07-09 03:17:41,69.12
2020-07-09 03:41:11,69.24
2020-07-09 07:39:37,69.57
2020-07-09 08:36:42,69.69
2020-07-09 08:46:46,69.8
2020-07-09 09:37:09,70.7
2020-07-09 09:57:19,70.93
2020-07-09 10:04:01,70.93
2020-07-09 10:41:01,70.93
2020-07-09 10:57:47,71.15
2020-07-09 11:04:33,71.26
2020-07-09 11:21:17,71.37
2020-07-09 11:48:13,71.6
2020-07-09 12:55:22,72.05
2020-07-09 13:35:51,72.16
2020-07-09 14:09:25,72.28
2020-07-09 14:19:30,72.16
2020-07-09 14:36:17,71.82
2020-07-09 14:46:21,72.28
2020-07-09 15:50:10,72.28
2020-07-09 15:53:32,72.16
2020-07-09 16:27:13,72.39
2020-07-09 16:37:10,72.5
2020-07-09 16:57:19,72.61
2020-07-09 17:07:24,72.72
2020-07-09 17:37:37,72.5
2020-07-09 17:54:25,72.72
2020-07-09 18:04:29,72.84
2020-07-09 18:51:30,72.95
2020-07-09 19:58:40,73.06
2020-07-09 20:15:27,72.84
2020-07-09 20:22:10,72.95
2020-07-09 22:23:03,72.84
2020-07-09 22:36:29,72.84
2020-07-09 22:39:51,72.84
2020-07-09 23:00:00,72.72
2020-07-09 23:10:04,72.72
2020-07-09 23:40:18,72.61
2020-07-09 23:50:23,72.61
2020-07-10 00:10:31,72.61
2020-07-10 01:51:17,72.61
2020-07-10 03:48:49,72.61
2020-07-10 04:15:41,72.61
2020-07-10 05:26:12,72.5
2020-07-10 06:23:17,72.5
2020-07-10 07:30:27,72.5
2020-07-10 09:31:21,72.72
2020-07-10 09:41:26,72.84
2020-07-10 10:38:31,73.06
2020-07-10 10:41:52,73.06
2020-07-10 11:15:28,73.4
2020-07-10 11:49:02,73.62
2020-07-10 11:55:45,73.74
2020-07-10 12:12:32,73.74
2020-07-10 12:19:15,73.85
2020-07-10 13:12:59,73.85
2020-07-10 14:47:00,74.07
2020-07-10 15:44:06,74.75
2020-07-10 15:47:27,74.75
2020-07-10 15:57:32,74.3
2020-07-10 16:00:53,74.53
2020-07-10 16:41:12,74.19
2020-07-10 18:01:48,74.19
2020-07-10 18:15:14,73.96
2020-07-10 18:32:02,73.85
2020-07-10 18:35:23,73.85
2020-07-10 19:45:55,73.85
2020-07-10 19:59:21,73.85
2020-07-10 20:22:51,73.74
2020-07-10 20:26:12,73.85
2020-07-10 20:36:17,74.07
2020-07-10 20:49:43,73.96
2020-07-10 23:47:42,73.74
2020-07-11 00:01:08,73.62
2020-07-11 00:17:55,73.62
2020-07-11 00:31:21,73.62
2020-07-11 00:51:30,73.51
2020-07-11 01:04:55,73.51
2020-07-11 04:09:40,73.29
2020-07-11 05:40:20,73.4
2020-07-11 07:17:43,73.29
2020-07-11 07:44:35,73.29
2020-07-11 07:47:56,73.29
2020-07-11 08:34:56,73.51
2020-07-11 09:01:48,73.51
2020-07-11 10:39:12,73.74
2020-07-11 11:02:42,73.74
2020-07-11 11:43:00,73.74
2020-07-11 12:36:44,73.85
2020-07-11 12:43:26,73.85
2020-07-11 12:56:53,73.96
2020-07-11 13:43:54,74.41
2020-07-11 13:47:15,74.41
2020-07-11 14:24:12,74.75
2020-07-11 14:41:00,74.53
2020-07-11 15:24:40,74.41
2020-07-11 15:31:22,74.64
2020-07-11 16:08:19,73.85
2020-07-11 16:48:37,73.96
2020-07-11 18:05:52,73.51
2020-07-11 18:15:55,73.4
2020-07-11 18:39:26,73.06
2020-07-11 20:06:47,73.18
2020-07-11 22:14:24,73.74
2020-07-11 23:08:11,73.18
2020-07-11 23:31:41,72.95
2020-07-11 23:38:24,73.18
2020-07-12 02:39:45,72.84
2020-07-12 02:53:11,72.84
2020-07-12 03:43:33,71.94
2020-07-12 04:40:39,72.28
2020-07-12 05:00:47,72.05
2020-07-12 05:27:39,72.16
2020-07-12 05:51:10,72.16
2020-07-12 08:12:14,71.82
2020-07-12 08:35:44,71.94
2020-07-12 08:49:10,71.6
2020-07-12 09:42:54,71.82
2020-07-12 12:34:56,72.61
2020-07-12 13:21:58,72.95
2020-07-12 16:09:52,74.41
2020-07-12 17:06:57,74.64
2020-07-12 17:23:45,74.75
2020-07-12 17:30:28,74.75
2020-07-12 18:14:08,74.75
2020-07-12 18:51:03,74.97
2020-07-12 19:04:31,75.2
2020-07-12 19:21:18,74.86
2020-07-12 19:31:22,75.09
2020-07-12 19:48:09,74.86
2020-07-12 20:35:11,74.53
2020-07-12 21:02:02,74.41
2020-07-12 21:05:23,74.53
2020-07-12 23:23:05,73.96
2020-07-12 23:36:31,73.96
2020-07-13 00:53:57,73.74
2020-07-13 02:34:42,73.29
2020-07-13 04:28:53,73.06
2020-07-13 06:23:03,73.06
2020-07-13 07:10:04,72.95
2020-07-13 08:34:06,72.95
2020-07-13 08:50:54,72.84
2020-07-13 09:11:05,72.84
2020-07-13 10:01:25,73.06
2020-07-13 10:04:46,73.06
2020-07-13 10:51:47,73.29
2020-07-13 11:15:17,73.4
2020-07-13 11:18:39,73.29
2020-07-13 12:09:02,73.85
2020-07-13 13:16:11,74.19
2020-07-13 13:26:16,74.3
2020-07-13 13:46:25,74.41
2020-07-13 14:13:17,74.86
2020-07-13 14:36:47,75.54
2020-07-13 17:11:15,75.87
2020-07-13 18:05:00,75.65
2020-07-13 18:55:22,75.54
2020-07-13 19:28:57,75.54
2020-07-13 22:23:35,75.09
2020-07-13 22:40:22,74.97
2020-07-13 23:03:52,74.97
2020-07-13 23:13:56,74.86
2020-07-14 00:17:45,74.86
2020-07-14 00:47:58,74.75
2020-07-14 02:38:47,74.53
2020-07-14 02:52:13,74.41
2020-07-14 04:26:15,74.53
2020-07-14 04:43:02,74.53
2020-07-14 05:16:37,74.53
2020-07-14 05:40:08,74.41
2020-07-14 05:50:13,74.41
2020-07-14 06:13:43,74.53
2020-07-14 06:20:26,74.3
2020-07-14 06:23:47,74.41
2020-07-14 07:27:36,74.3
2020-07-14 09:38:34,74.41
2020-07-14 09:45:17,74.53
2020-07-14 10:55:49,74.64
2020-07-14 11:42:50,74.86
2020-07-14 12:13:03,75.2
2020-07-14 12:16:24,75.2
2020-07-14 12:19:45,75.2
2020-07-14 13:57:09,75.76
2020-07-14 14:03:52,75.76
2020-07-14 14:34:05,75.76
2020-07-14 15:00:57,75.65
2020-07-14 15:11:01,75.54
2020-07-14 16:04:46,75.65
2020-07-14 16:45:03,75.87
2020-07-14 16:51:46,75.76
2020-07-14 18:35:53,75.76
2020-07-14 19:49:46,75.76
2020-07-14 20:40:08,75.65
2020-07-14 20:43:29,75.76
2020-07-14 21:27:09,75.65
2020-07-14 21:37:13,75.54
2020-07-14 21:40:35,75.54
2020-07-14 23:31:24,75.43
2020-07-14 23:48:11,75.43
2020-07-15 00:11:42,75.31
2020-07-15 00:15:03,75.31
2020-07-15 00:25:08,75.31
2020-07-15 02:26:02,75.09
2020-07-15 02:32:45,75.09
2020-07-15 02:52:54,75.09
2020-07-15 03:19:46,74.97
2020-07-15 03:23:07,74.97
2020-07-15 03:43:16,74.97
2020-07-15 04:30:18,74.86
2020-07-15 04:37:00,74.86
2020-07-15 04:50:26,74.97
2020-07-15 05:34:05,74.86
2020-07-15 05:37:27,74.86
2020-07-15 06:27:49,74.75
2020-07-15 06:34:32,74.75
2020-07-15 07:21:35,74.75
2020-07-15 09:09:02,74.86
2020-07-15 09:49:20,74.86
2020-07-15 10:12:50,74.86
2020-07-15 10:16:14,74.97
2020-07-15 10:56:30,75.09
2020-07-15 13:00:45,75.54
2020-07-15 13:27:37,75.65
2020-07-15 13:47:46,75.76
2020-07-15 13:51:07,75.87
2020-07-15 14:04:37,75.87
2020-07-15 14:14:38,75.99
2020-07-15 16:02:07,76.55
2020-07-15 16:45:47,76.66
2020-07-15 16:49:08,76.55
2020-07-15 16:59:12,76.66
2020-07-15 17:52:56,76.78
2020-07-15 18:56:45,76.78
2020-07-15 19:16:53,76.78
2020-07-15 19:47:07,76.66
2020-07-15 19:50:28,76.66
2020-07-15 19:53:50,76.66
2020-07-15 20:37:30,76.66
2020-07-15 21:31:13,76.78
2020-07-15 21:41:18,76.66
2020-07-15 21:44:39,76.66
2020-07-15 22:04:48,76.66
2020-07-15 22:24:57,76.66
2020-07-15 22:48:28,76.44
2020-07-15 23:18:49,76.44
2020-07-15 23:32:08,76.44
2020-07-16 00:05:43,76.32
2020-07-16 01:39:45,76.21
2020-07-16 03:03:43,76.1
2020-07-16 03:44:01,76.1
2020-07-16 03:47:22,76.21
2020-07-16 03:54:05,76.1
2020-07-16 05:34:50,75.99
2020-07-16 05:38:11,75.99
2020-07-16 05:41:33,75.99
2020-07-16 06:45:21,75.99
2020-07-16 06:52:04,75.87
2020-07-16 07:59:14,75.76
2020-07-16 09:39:58,75.76
2020-07-16 09:56:46,75.76
2020-07-16 11:17:21,75.76
2020-07-16 11:30:47,75.76
2020-07-16 12:21:10,75.76
2020-07-16 13:08:13,75.76
2020-07-16 14:05:19,75.99
2020-07-16 14:25:29,75.99
2020-07-16 18:03:45,75.87
2020-07-16 18:33:58,75.87
2020-07-16 18:44:02,75.76
2020-07-16 19:14:16,75.76
2020-07-16 20:14:42,75.43
2020-07-16 20:51:39,75.31
2020-07-16 21:15:09,75.2
2020-07-16 21:18:30,75.2
2020-07-16 22:32:23,75.09
2020-07-16 23:09:20,75.09
2020-07-17 01:10:14,74.86
2020-07-17 03:34:38,74.19
2020-07-17 03:37:59,74.19
2020-07-17 04:01:30,73.85
2020-07-17 05:32:10,73.51
2020-07-17 06:12:28,73.4
2020-07-17 07:06:11,73.18
2020-07-17 07:26:21,73.18
2020-07-17 07:49:51,73.06
2020-07-17 08:16:44,72.95
2020-07-17 08:50:18,72.61
2020-07-17 09:13:48,72.16
2020-07-17 10:24:20,72.39
2020-07-17 11:01:16,71.94
2020-07-17 12:11:48,71.94
2020-07-17 13:12:15,72.28
2020-07-17 19:31:43,69.01
2020-07-17 19:41:47,68.68
2020-07-17 19:55:13,68.56
2020-07-17 20:42:14,70.03
2020-07-17 21:12:27,69.57
2020-07-17 22:02:50,68.34
2020-07-17 22:06:11,68.34
2020-07-17 22:53:12,67.89
2020-07-17 22:59:54,68.68
2020-07-18 00:40:39,70.14
2020-07-18 00:50:44,70.25
2020-07-18 02:24:45,70.7
2020-07-18 03:05:04,70.93
2020-07-18 03:11:46,70.93
2020-07-18 03:42:00,71.04
2020-07-18 04:39:05,71.37
2020-07-18 04:49:09,71.26
2020-07-18 05:02:35,71.37
2020-07-18 05:56:19,71.37
2020-07-18 06:06:23,71.49
2020-07-18 06:23:11,71.49
2020-07-18 07:37:03,71.6
2020-07-18 07:40:25,71.6
2020-07-18 07:57:12,71.71
2020-07-18 09:07:44,71.94
2020-07-18 09:17:48,72.05
2020-07-18 09:31:14,72.16
2020-07-18 09:58:06,72.39
2020-07-18 11:08:38,72.84
2020-07-18 11:22:03,72.95
2020-07-18 11:32:08,72.95
2020-07-18 11:45:34,72.95
2020-07-18 12:15:47,73.06
2020-07-18 12:39:18,73.18
2020-07-18 13:12:53,73.4
2020-07-18 17:28:06,73.85
2020-07-18 18:01:41,73.85
2020-07-18 18:35:16,73.85
2020-07-18 21:36:36,73.74
2020-07-18 23:20:48,73.51
2020-07-18 23:30:52,73.4
2020-07-19 00:34:41,73.29
2020-07-19 01:58:39,73.18
2020-07-19 02:55:43,73.06
2020-07-19 03:15:52,73.06
2020-07-19 07:41:11,72.72
2020-07-21 10:30:45,72.39
2020-07-21 10:57:37,72.61
2020-07-21 11:51:21,73.18
2020-07-21 12:01:26,73.29
2020-07-21 12:31:39,73.51
2020-07-21 13:25:26,73.85
2020-07-21 13:35:30,73.85
2020-07-21 13:38:56,73.74
2020-07-21 15:36:27,75.09
2020-07-21 17:13:52,75.76
2020-07-21 17:27:18,75.65
2020-07-21 17:30:39,75.65
2020-07-21 18:04:14,75.65
2020-07-21 19:31:34,75.54
2020-07-21 19:34:55,75.54
2020-07-21 19:41:38,75.54
2020-07-21 20:01:47,75.54
2020-07-21 20:05:08,75.43
2020-07-21 22:49:41,75.2
2020-07-21 23:13:12,75.09
2020-07-21 23:33:21,74.97
2020-07-22 00:20:21,74.97
2020-07-22 05:36:03,74.3
2020-07-22 05:39:24,74.3
2020-07-22 05:49:29,74.3
2020-07-22 05:59:33,74.3
2020-07-22 06:16:21,74.19
2020-07-22 06:53:17,74.3
2020-07-22 07:50:22,74.3
2020-07-22 08:03:48,74.3
2020-07-22 08:27:19,74.53
2020-07-22 08:30:40,74.41
2020-07-22 09:31:07,74.41
2020-07-22 09:44:33,74.41
2020-07-22 10:14:46,74.53
2020-07-22 10:48:21,74.53
2020-07-22 10:55:04,74.53
2020-07-22 11:15:12,74.53
2020-07-22 11:55:31,74.64
2020-07-22 14:06:28,74.97
2020-07-22 14:36:42,74.97
2020-07-22 15:06:55,75.09
2020-07-22 15:10:16,75.09
2020-07-22 15:16:59,75.09
2020-07-22 15:23:42,75.09
2020-07-22 15:27:04,75.09
2020-07-22 15:30:26,75.09
2020-07-22 17:01:07,75.09
2020-07-22 18:35:10,74.97
2020-07-22 19:02:02,75.09
2020-07-22 19:32:14,75.09
2020-07-22 19:49:01,74.86
2020-07-22 20:02:28,74.75
2020-07-22 21:16:20,74.97
2020-07-22 22:03:24,74.86
2020-07-23 00:27:48,74.75
2020-07-23 01:31:36,74.64
2020-07-23 02:05:11,74.64
2020-07-23 02:32:04,74.53
2020-07-23 03:15:42,74.53
2020-07-23 04:39:40,74.53
2020-07-23 05:26:40,74.53
2020-07-23 05:30:02,74.53
2020-07-23 06:30:29,74.3
2020-07-23 07:10:47,74.3
2020-07-23 07:34:17,74.3
2020-07-23 07:54:26,74.41
2020-07-23 08:17:56,74.53
2020-07-23 08:21:18,74.41
2020-07-23 08:48:10,74.41
2020-07-23 09:38:33,74.41
2020-07-23 09:55:20,74.53
2020-07-23 10:35:38,74.64
2020-07-23 11:19:17,74.86
2020-07-23 11:36:04,74.86
2020-07-23 11:42:47,74.86
2020-07-23 12:02:57,74.97
2020-07-23 13:03:23,75.2
2020-07-23 14:47:33,75.31
2020-07-23 15:31:12,75.54
2020-07-23 15:37:55,75.65
2020-07-23 16:21:34,75.87
2020-07-23 16:55:09,75.99
2020-07-23 17:05:13,75.99
2020-07-23 17:15:18,75.99
2020-07-23 17:58:57,76.1
2020-07-23 18:29:12,75.99
2020-07-23 18:39:16,76.1
2020-07-23 18:59:26,75.99
2020-07-23 19:53:09,75.87
2020-07-23 20:53:36,75.87
2020-07-23 21:54:03,75.65
2020-07-23 22:44:27,75.54
2020-07-23 23:54:58,75.43
2020-07-24 00:41:59,75.31
2020-07-24 02:09:17,75.2
2020-07-24 03:29:54,74.97
2020-07-24 03:46:40,74.97
2020-07-24 04:26:58,74.97
2020-07-24 05:03:55,74.97
2020-07-24 07:41:46,74.75
2020-07-24 07:51:49,74.97
2020-07-24 08:15:19,74.75
2020-07-24 08:28:45,74.86
2020-07-24 09:46:00,74.97
2020-07-24 10:53:10,75.2
2020-07-24 10:56:31,75.2
2020-07-24 11:20:02,75.31
2020-07-24 12:23:50,75.76
2020-07-24 12:37:15,75.76
2020-07-24 12:40:37,75.76
2020-07-24 12:54:03,75.87
2020-07-24 13:04:07,75.87
2020-07-24 13:17:33,75.99
2020-07-24 13:44:34,76.1
2020-07-24 13:51:17,76.1
2020-07-24 14:11:26,76.21
2020-07-24 14:31:35,76.32
2020-07-24 14:55:05,76.44
2020-07-24 15:01:49,76.32
2020-07-24 15:11:53,76.44
2020-07-24 15:28:40,76.55
2020-07-24 16:15:41,76.66
2020-07-24 16:42:33,76.78
2020-07-24 18:16:36,76.78
2020-07-24 18:46:51,77.22
2020-07-24 18:53:34,77.34
2020-07-24 19:20:32,77.56
2020-07-24 20:04:11,77.79
2020-07-24 21:01:18,77.68
2020-07-24 21:04:39,77.56
2020-07-24 22:15:11,76.89
2020-07-24 22:25:15,76.89
2020-07-24 22:28:36,76.89
2020-07-24 23:05:33,76.89
2020-07-24 23:22:20,76.78
2020-07-24 23:45:51,76.66
2020-07-25 00:42:57,76.55
2020-07-25 01:29:57,76.32
2020-07-25 02:50:33,76.21
2020-07-25 04:41:22,76.1
2020-07-25 05:04:52,76.1
2020-07-25 05:11:35,76.1
2020-07-25 06:52:20,75.99
2020-07-25 07:05:46,75.87
2020-07-25 07:46:04,75.99
2020-07-25 07:59:30,75.99
2020-07-25 08:46:30,75.87
2020-07-25 09:03:18,75.87
2020-07-25 09:30:10,75.87
2020-07-25 09:53:40,75.99
2020-07-25 10:07:06,76.1
2020-07-25 10:47:24,76.1
2020-07-25 10:50:45,76.1
2020-07-25 10:54:06,76.21
2020-07-25 12:07:59,76.66
2020-07-25 13:11:47,77
2020-07-25 13:58:49,77.22
2020-07-25 15:22:45,77.34
2020-07-25 15:39:33,77.45
2020-07-25 15:56:20,77.45
2020-07-25 16:09:46,77.45
2020-07-25 17:57:13,77.45
2020-07-25 18:14:01,77.56
2020-07-25 18:37:31,77.45
2020-07-25 20:08:11,77.45
2020-07-25 20:41:46,77.34
2020-07-25 21:08:38,77.22
2020-07-25 21:18:42,77.22
2020-07-25 21:38:51,77.11
2020-07-25 21:42:13,77.11
2020-07-25 21:52:17,77.11
2020-07-25 21:59:00,77.11
2020-07-25 22:12:26,77
2020-07-25 22:49:23,76.89
2020-07-25 23:09:31,76.89
2020-07-25 23:36:24,76.78
2020-07-25 23:56:32,76.78
2020-07-26 00:23:24,76.66
2020-07-26 01:03:42,76.55
2020-07-26 01:33:56,76.44
2020-07-26 01:44:00,76.32
2020-07-26 01:54:04,76.32
2020-07-26 03:24:45,76.21
2020-07-26 03:48:15,76.1
2020-07-26 03:51:37,76.21
2020-07-26 04:05:03,76.1
2020-07-26 04:25:12,76.1
2020-07-26 05:02:08,75.87
2020-07-26 06:19:22,75.87
2020-07-26 06:49:36,75.76
2020-07-26 07:56:45,75.76
2020-07-26 09:20:43,75.65
2020-07-26 10:54:45,75.99
2020-07-26 12:08:38,76.44
2020-07-26 16:00:21,77.34
2020-07-26 16:07:03,77.34
2020-07-26 16:37:17,77.34
2020-07-26 16:40:39,77.34
2020-07-26 18:04:36,77.45
2020-07-26 18:38:11,77.45
2020-07-26 19:01:41,77.45
2020-07-26 19:15:07,77.45
2020-07-26 19:21:50,77.45
2020-07-26 19:25:12,77.45
2020-07-26 19:58:47,77.34
2020-07-26 20:25:39,77.34
2020-07-26 22:36:38,77.22
2020-07-26 23:06:50,77.11
2020-07-26 23:40:25,77
2020-07-27 00:34:10,76.89
2020-07-27 01:54:45,76.78
2020-07-27 03:25:25,76.44
2020-07-27 06:16:41,75.76
2020-07-27 08:51:09,75.54
2020-07-27 08:57:59,75.54
2020-07-27 09:14:40,75.54
2020-07-27 10:05:03,75.76
2020-07-27 10:15:07,75.87
2020-07-27 10:21:51,75.87
2020-07-27 11:05:30,75.99
2020-07-27 11:52:35,76.32
2020-07-27 12:42:54,76.21
2020-07-27 13:36:37,76.55
2020-07-27 13:46:42,76.55
2020-07-27 14:20:17,76.66
2020-07-27 14:40:25,76.89
2020-07-27 15:03:56,77
2020-07-27 15:50:56,77.34
2020-07-27 15:57:39,77.11
2020-07-27 16:54:44,77
2020-07-27 17:14:53,77
2020-07-27 20:06:09,77.22
2020-07-27 20:59:53,75.31
2020-07-27 21:46:55,74.75
2020-07-27 21:50:16,75.2
2020-07-27 22:27:17,74.64
2020-07-27 22:50:43,74.53
2020-07-27 23:27:40,74.53
2020-07-27 23:44:26,74.53
2020-07-27 23:47:48,74.64
2020-07-28 00:18:05,74.19
2020-07-28 00:41:35,73.96
2020-07-28 01:05:05,74.3
2020-07-28 01:38:41,73.96
2020-07-28 01:48:44,73.74
2020-07-28 02:22:19,73.51
2020-07-28 02:32:23,73.74
2020-07-28 03:29:29,73.4
2020-07-28 05:23:40,73.4
2020-07-28 08:45:56,74.86
2020-07-28 09:39:42,74.75
2020-07-28 10:10:01,74.86
2020-07-28 11:20:35,74.86
2020-07-28 11:23:57,74.97
2020-07-28 12:17:49,75.31
2020-07-28 12:44:41,75.31
2020-07-28 13:04:50,75.43
2020-07-28 14:45:42,76.21
2020-07-28 16:36:23,76.66
2020-07-28 17:10:00,76.78
2020-07-28 18:23:58,76.89
2020-07-28 19:44:32,76.89
2020-07-28 20:38:17,76.66
2020-07-28 20:41:37,76.66
2020-07-28 21:28:38,76.55
2020-07-28 21:31:59,76.55
2020-07-28 22:22:20,76.32
2020-07-28 22:42:29,76.21
2020-07-28 22:52:33,76.21
2020-07-28 23:06:02,76.1
2020-07-29 00:13:11,75.99
2020-07-29 00:30:03,75.87
2020-07-29 01:23:47,75.76
2020-07-29 02:24:13,75.54
2020-07-29 04:28:25,75.2
2020-07-29 07:06:12,74.75
2020-07-29 07:09:33,74.64
2020-07-29 07:36:25,74.64
2020-07-29 08:20:05,74.64
2020-07-29 08:50:18,74.53
2020-07-29 09:07:04,74.53
2020-07-29 09:54:08,74.53
2020-07-29 10:00:51,74.41
2020-07-29 11:21:27,74.75
2020-07-29 12:48:45,75.2
2020-07-29 13:12:15,75.31
2020-07-29 13:39:08,75.31
2020-07-29 13:42:29,75.31
2020-07-29 14:02:40,75.31
2020-07-29 14:12:44,75.31
2020-07-29 14:26:13,75.31
2020-07-29 15:16:47,75.43
2020-07-29 15:56:53,75.43
2020-07-29 16:47:14,75.43
2020-07-29 17:04:02,75.54
2020-07-29 18:21:15,75.54
2020-07-29 18:34:41,75.43
2020-07-29 21:05:56,75.31
2020-07-29 21:09:17,75.2
2020-07-30 00:13:55,74.3
2020-07-30 00:17:17,74.3
2020-07-30 06:33:23,73.4
2020-07-30 06:36:44,73.4
2020-07-30 06:53:31,73.4
2020-07-30 07:33:49,73.4
2020-07-30 07:43:53,73.4
2020-07-30 07:50:36,73.4
2020-07-30 09:58:14,73.74
2020-07-30 10:28:24,73.85
2020-07-30 11:18:44,73.96
2020-07-30 11:32:10,73.96
2020-07-30 11:55:40,73.85
2020-07-30 11:59:01,73.96
2020-07-30 12:05:45,73.96
2020-07-30 12:39:19,73.96
2020-07-30 14:10:01,74.53
2020-07-30 15:44:01,75.2
2020-07-30 15:50:43,75.2
2020-07-30 15:57:26,75.2
2020-07-30 16:20:56,75.2
2020-07-30 17:28:06,75.31
2020-07-30 17:58:19,75.31
2020-07-30 18:45:19,75.43
2020-07-30 18:58:45,75.43
2020-07-30 20:29:27,75.31
2020-07-30 21:33:17,75.09
2020-07-30 23:27:32,74.97
2020-07-31 00:04:28,74.86
2020-07-31 00:38:02,74.75
2020-07-31 00:41:23,74.75
2020-07-31 00:51:28,74.64
2020-07-31 00:54:49,74.64
2020-07-31 02:42:15,74.41
2020-07-31 04:29:44,74.41
2020-07-31 07:17:35,73.96
2020-07-31 07:57:56,74.07
2020-07-31 08:18:04,74.07
2020-07-31 09:25:14,74.07
2020-07-31 09:31:56,74.07
2020-07-31 10:02:09,74.19
2020-07-31 10:15:35,74.19
2020-07-31 11:02:35,74.41
2020-07-31 11:05:56,74.41
2020-07-31 11:19:22,74.41
2020-07-31 11:39:31,74.64
2020-07-31 12:13:05,74.75
2020-07-31 12:43:18,74.86
2020-07-31 12:46:43,74.97
2020-07-31 14:00:46,75.54
2020-07-31 14:17:31,75.54
2020-07-31 14:44:22,75.87
2020-07-31 17:05:28,76.44
2020-07-31 18:12:37,76.55
2020-07-31 20:16:57,76.66
2020-07-31 20:53:50,76.55
2020-07-31 23:04:49,76.21
2020-07-31 23:21:36,76.21
2020-08-01 00:15:22,75.99
2020-08-01 00:22:05,75.99
2020-08-01 01:05:43,75.87
2020-08-01 01:19:09,75.87
2020-08-01 06:07:54,75.31
2020-08-01 08:28:58,75.43
2020-08-01 09:36:09,75.54
2020-08-01 10:39:56,75.87
2020-08-01 11:10:10,76.21
2020-08-01 13:58:02,76.89
2020-08-01 14:14:49,77
2020-08-01 15:18:43,77.34
2020-08-01 15:22:02,77.34
2020-08-01 15:42:11,77.45
2020-08-01 16:25:50,77.79
2020-08-01 17:26:17,77.79
2020-08-01 19:17:45,77.45
2020-08-01 19:58:26,77.45
2020-08-01 20:32:06,77.34
2020-08-01 22:10:02,77.11
2020-08-01 22:26:52,77
2020-08-01 22:33:41,77
2020-08-01 23:00:48,77
2020-08-01 23:04:09,77
2020-08-01 23:07:31,76.89
2020-08-01 23:47:58,76.78
2020-08-02 00:04:54,76.78
2020-08-02 01:39:25,76.55
2020-08-02 02:06:21,76.55
2020-08-02 02:16:32,76.55
2020-08-02 05:07:51,76.44
2020-08-02 07:38:56,76.21
2020-08-02 09:12:55,76.32
2020-08-02 11:23:56,76.32
2020-08-02 11:27:17,76.32
2020-08-02 11:47:25,76.32
2020-08-02 11:54:09,76.32
2020-08-02 12:10:59,76.32
2020-08-02 13:44:59,76.66
2020-08-02 14:21:56,76.55
2020-08-02 17:13:10,76.78
2020-08-02 19:03:57,76.55
2020-08-02 19:37:31,76.66
2020-08-02 19:54:18,76.66
2020-08-02 20:34:35,76.66
2020-08-02 20:48:00,76.66
2020-08-02 21:08:09,76.66
2020-08-02 21:48:27,76.44
2020-08-02 21:58:31,76.32
2020-08-02 22:25:22,75.87
2020-08-02 23:45:57,75.65
2020-08-03 00:16:09,75.54
2020-08-03 00:53:06,75.65
2020-08-03 02:00:16,75.54
2020-08-03 02:17:04,75.54
2020-08-03 09:03:17,74.64
2020-08-03 10:10:26,74.64
2020-08-03 11:44:28,74.64
2020-08-03 11:47:49,74.64
2020-08-03 12:41:33,74.75
2020-08-03 13:52:03,74.97
2020-08-03 14:22:16,75.43
2020-08-03 20:41:37,75.43
2020-08-03 21:18:33,75.31
2020-08-03 22:05:32,74.75
2020-08-04 00:50:05,74.86
2020-08-04 05:25:24,74.53
2020-08-04 07:12:50,74.53
2020-08-04 07:49:46,74.41
2020-08-04 09:07:02,74.41
2020-08-04 10:00:45,74.41
2020-08-04 10:44:27,74.3
2020-08-04 11:58:18,74.41
2020-08-04 12:28:31,74.53
2020-08-04 12:31:52,74.53
2020-08-04 12:58:44,74.53
2020-08-04 14:05:53,74.53
2020-08-04 14:46:13,74.53
2020-08-04 17:23:31,74.19
2020-08-04 17:53:48,73.96
2020-08-05 00:50:14,73.74
2020-08-05 01:47:18,73.74
2020-08-05 01:57:22,73.74
2020-08-05 03:51:30,73.85
2020-08-05 04:48:34,73.74
2020-08-05 08:13:20,73.62
2020-08-05 08:50:15,73.74
2020-08-05 10:41:02,73.74
2020-08-05 10:44:23,73.85
2020-08-05 11:14:36,73.96
2020-08-05 13:05:24,74.3
2020-08-05 13:15:28,74.53
2020-08-05 14:22:38,74.64
2020-08-05 15:26:25,74.86
2020-08-05 15:49:55,74.86
2020-08-05 16:10:03,74.86
2020-08-05 16:23:29,74.97
2020-08-05 17:17:12,74.97
2020-08-05 18:57:55,74.86
2020-08-05 19:07:59,74.86
2020-08-05 19:54:59,74.86
2020-08-05 19:58:20,74.86
2020-08-05 20:11:46,74.86
2020-08-05 21:25:38,74.64
2020-08-06 00:47:03,73.96
2020-08-06 01:10:33,73.85
2020-08-06 02:24:24,73.74
2020-08-06 07:29:54,72.84
2020-08-06 08:03:28,73.06
2020-08-06 09:00:33,72.84
2020-08-06 09:30:47,72.72
2020-08-06 10:24:29,72.84
2020-08-06 10:31:12,72.84
2020-08-06 11:04:46,72.95
2020-08-06 11:08:08,72.95
2020-08-06 12:58:56,73.74
2020-08-06 13:02:18,73.74
2020-08-06 13:12:22,73.85
2020-08-06 13:49:18,74.07
2020-08-06 14:09:26,73.85
2020-08-06 14:29:35,74.07
2020-08-06 14:36:17,74.07
2020-08-06 15:56:52,74.3
2020-08-06 18:31:18,74.3
2020-08-06 19:04:52,74.3
2020-08-06 21:02:27,73.96
2020-08-06 21:19:14,73.96
2020-08-06 21:39:23,73.96
2020-08-06 22:12:57,73.85
2020-08-06 22:49:53,73.62
2020-08-06 23:33:32,73.51
2020-08-07 01:57:54,73.29
2020-08-07 02:14:40,73.18
2020-08-07 03:45:23,73.06
2020-08-07 03:52:01,73.06
2020-08-07 03:55:23,73.06
2020-08-07 07:16:49,72.72
2020-08-07 07:33:36,72.84
2020-08-07 08:07:16,72.72
2020-08-07 08:30:46,72.72
2020-08-07 10:04:47,72.72
2020-08-07 10:11:30,72.72
2020-08-07 12:02:18,73.06
2020-08-07 12:35:52,73.18
2020-08-07 13:36:18,73.4
2020-08-07 14:06:31,73.4
2020-08-07 14:56:56,73.62
2020-08-07 15:50:59,73.85
2020-08-07 19:15:52,73.85
2020-08-07 21:33:39,73.62
2020-08-07 22:27:25,73.51
2020-08-07 22:57:44,73.51
2020-08-07 23:21:17,73.51
2020-08-07 23:28:00,73.51
2020-08-07 23:41:26,73.4
2020-08-07 23:48:08,73.4
2020-08-08 00:15:03,73.4
2020-08-08 02:15:57,73.29
2020-08-08 02:36:06,73.29
2020-08-08 04:13:27,73.18
2020-08-08 04:16:49,73.18
2020-08-08 06:00:54,73.06
2020-08-08 11:13:13,73.85
2020-08-08 12:13:42,74.19
2020-08-08 12:23:46,74.3
2020-08-08 12:33:51,74.41
2020-08-08 15:41:52,75.09
2020-08-08 18:36:29,74.75
2020-08-08 18:49:54,74.75
2020-08-08 19:13:26,74.75
2020-08-08 19:20:08,74.75
2020-08-08 19:30:13,74.86
2020-08-08 19:50:22,74.86
2020-08-08 21:00:57,74.64
2020-08-08 22:01:29,74.64
2020-08-08 22:04:50,74.64
2020-08-08 22:41:46,74.53
2020-08-09 00:52:55,74.53
2020-08-09 00:59:37,74.41
2020-08-09 01:02:59,74.41
2020-08-09 03:20:38,74.3
2020-08-09 04:07:38,74.19
2020-08-09 05:14:47,74.19
2020-08-09 05:58:26,74.07
2020-08-09 07:52:34,74.07
2020-08-09 09:29:55,74.07
2020-08-09 13:35:05,75.09
2020-08-09 13:55:13,75.2
2020-08-09 14:01:56,75.2
2020-08-09 15:36:00,75.43
2020-08-09 15:52:44,75.54
2020-08-09 16:56:31,75.65
2020-08-09 18:00:18,75.76
2020-08-09 18:33:53,75.76
2020-08-09 20:21:18,75.54
2020-08-09 20:48:10,75.65
2020-08-09 20:54:52,74.97
2020-08-09 21:08:18,75.31
2020-08-09 21:35:13,74.75
2020-08-09 22:25:34,74.97
2020-08-09 23:12:35,75.09
2020-08-09 23:22:39,74.97
2020-08-10 02:54:11,74.53
2020-08-10 03:04:15,74.53
2020-08-10 04:44:58,74.3
2020-08-10 05:25:14,74.19
2020-08-10 06:15:36,74.07
2020-08-10 06:29:01,74.07
2020-08-10 07:39:31,73.96
2020-08-10 08:06:23,73.96
2020-08-10 08:50:02,73.96
2020-08-10 09:10:12,73.96
2020-08-10 10:10:40,74.07
2020-08-10 10:34:11,74.3
2020-08-10 10:37:31,74.3
2020-08-10 10:47:35,74.3
2020-08-10 11:14:27,74.41
2020-08-10 12:58:32,74.97
2020-08-10 14:05:41,75.2
2020-08-10 14:12:24,75.09
2020-08-10 18:27:35,75.43
2020-08-10 19:17:57,75.43
2020-08-10 19:24:40,75.43
2020-08-10 21:08:47,75.43
2020-08-10 22:09:13,75.2
2020-08-11 00:30:13,74.97
2020-08-11 05:29:08,74.75
2020-08-11 06:56:26,74.64
2020-08-11 09:14:04,74.86
2020-08-11 09:34:12,74.86
2020-08-11 10:44:43,75.09
2020-08-11 12:38:55,75.54
2020-08-11 12:48:59,75.65
2020-08-11 13:05:46,75.65
2020-08-11 14:09:33,75.76
2020-08-11 14:49:51,75.65
2020-08-11 15:40:12,75.87
2020-08-11 16:23:51,75.31
2020-08-11 16:27:12,75.54
2020-08-11 17:31:03,75.31
2020-08-11 17:44:29,75.09
2020-08-11 18:01:16,74.86
2020-08-11 18:08:03,74.86
2020-08-11 19:18:33,75.09
2020-08-11 19:38:41,75.2
2020-08-11 19:58:50,75.31
2020-08-11 20:02:12,75.31
2020-08-11 21:22:49,75.31
2020-08-11 23:30:24,75.09
2020-08-11 23:47:10,74.75
2020-08-12 02:11:33,74.3
2020-08-12 06:36:47,73.96
2020-08-12 09:31:21,73.85
2020-08-12 11:15:26,74.19
2020-08-12 11:52:22,74.64
2020-08-12 12:49:26,74.97
2020-08-12 13:09:35,74.97
2020-08-12 13:26:22,75.09
2020-08-12 15:30:41,75.87
2020-08-12 16:07:37,75.99
2020-08-12 18:01:46,76.55
2020-08-12 20:49:38,76.32
2020-08-12 21:23:12,76.21
2020-08-12 22:50:40,75.99
2020-08-12 23:07:26,75.99
2020-08-12 23:20:52,75.99
2020-08-12 23:57:53,75.76
2020-08-13 00:24:47,75.76
2020-08-13 01:38:39,75.65
2020-08-13 03:50:03,75.31
2020-08-13 03:56:45,75.31
2020-08-13 06:31:15,75.09
2020-08-13 07:01:28,75.09
2020-08-13 07:35:02,75.09
2020-08-13 07:41:49,75.09
2020-08-13 08:08:46,75.09
2020-08-13 10:06:22,75.2
2020-08-13 10:23:09,75.31
2020-08-13 10:36:40,75.31
2020-08-13 11:03:34,75.65
2020-08-13 11:20:19,75.65
2020-08-13 11:30:23,75.65
2020-08-13 11:50:31,75.76
2020-08-13 12:47:36,76.21
2020-08-13 13:31:15,76.55
2020-08-13 13:51:23,76.55
2020-08-13 15:28:45,77
2020-08-13 15:52:15,77.11
2020-08-13 18:43:32,77.34
2020-08-13 19:23:50,77.22
2020-08-13 20:20:55,77.11
2020-08-13 20:37:45,77.11
2020-08-13 20:44:28,77.11
2020-08-13 22:08:24,76.78
2020-08-13 22:55:24,76.78
2020-08-13 23:55:52,76.66
2020-08-14 00:16:00,76.55
2020-08-14 00:49:35,76.55
2020-08-14 03:44:10,76.1
2020-08-14 04:31:10,75.99
2020-08-14 04:58:01,75.99
2020-08-14 07:15:39,75.87
2020-08-14 08:36:13,75.99
2020-08-14 08:59:43,75.87
2020-08-14 11:50:57,76.21
2020-08-14 11:54:18,76.32
2020-08-14 12:44:39,76.44
2020-08-14 12:58:05,76.44
2020-08-14 13:41:44,76.66
2020-08-14 14:18:39,76.89
2020-08-14 14:22:01,76.89
2020-08-14 14:25:22,76.89
2020-08-14 14:38:48,76.89
2020-08-14 15:09:01,77
2020-08-14 15:32:31,77
2020-08-14 16:16:09,77.11
2020-08-14 18:33:52,77.11
2020-08-14 19:24:13,77.11
2020-08-14 19:54:26,77
2020-08-14 21:11:40,76.78
2020-08-14 21:25:05,76.78
2020-08-14 22:42:19,76.66
2020-08-14 23:02:27,76.66
2020-08-15 00:46:37,76.44
2020-08-15 00:53:21,76.32
2020-08-15 01:06:46,76.44
2020-08-15 03:07:38,76.21
2020-08-15 06:15:39,75.76
2020-08-15 06:32:25,75.76
2020-08-15 07:36:12,75.65
2020-08-15 08:03:04,75.76
2020-08-15 09:00:08,75.76
2020-08-15 10:24:07,76.1
2020-08-15 10:50:58,76.1
2020-08-15 12:04:50,76.55
2020-08-15 13:08:37,77.11
2020-08-15 16:03:15,77.79
2020-08-15 16:50:14,77.9
2020-08-15 16:56:57,77.9
2020-08-15 18:24:14,77.79
2020-08-15 18:41:01,77.68
2020-08-15 18:44:23,77.79
2020-08-15 21:18:49,77.34
2020-08-15 22:32:40,77
2020-08-16 00:26:49,76.78
2020-08-16 00:33:31,76.78
2020-08-16 03:04:37,76.32
2020-08-16 04:05:03,76.21
2020-08-16 04:15:06,76.32
2020-08-16 05:15:32,76.1
2020-08-16 05:35:40,75.99
2020-08-16 06:52:53,76.1
2020-08-16 08:13:27,75.99
2020-08-16 09:00:27,75.99
2020-08-16 09:17:15,75.87
2020-08-16 09:27:19,75.99
2020-08-16 09:50:49,76.1
2020-08-16 10:41:11,76.21
2020-08-16 11:11:24,76.32
2020-08-16 13:05:32,76.44
2020-08-16 14:46:15,76.44
2020-08-16 16:06:49,76.55
2020-08-16 18:04:23,76.55
2020-08-16 19:51:49,76.44
2020-08-16 20:15:19,76.44
2020-08-16 22:22:58,76.1
2020-08-17 00:30:35,75.76
2020-08-17 01:00:49,75.76
2020-08-17 01:10:53,75.76
2020-08-17 02:18:03,75.54
2020-08-17 04:12:14,75.31
2020-08-17 06:29:54,75.09
2020-08-17 07:27:00,75.31
2020-08-17 07:33:42,75.31
2020-08-17 07:53:51,75.2
2020-08-17 09:48:03,75.43
2020-08-17 10:01:29,75.43
2020-08-17 10:18:16,75.43
2020-08-17 10:55:14,75.54
2020-08-17 11:42:15,75.65
2020-08-17 13:22:59,75.87
2020-08-17 14:06:39,76.1
2020-08-17 15:44:04,76.1
2020-08-17 15:50:47,76.1
2020-08-17 16:17:40,76.1
2020-08-17 17:04:40,76.1
2020-08-17 17:08:02,76.21
2020-08-17 18:01:46,76.1
2020-08-17 18:42:10,76.1
2020-08-17 18:48:53,76.1
2020-08-17 19:52:41,76.1
2020-08-17 19:56:02,75.99
2020-08-17 20:02:45,76.1
2020-08-17 20:59:51,75.99
2020-08-17 23:44:24,75.65
2020-08-18 00:31:25,75.54
2020-08-18 00:48:11,75.54
2020-08-18 01:11:42,75.54
2020-08-18 02:39:01,75.43
2020-08-18 04:26:29,75.2
2020-08-18 05:16:51,75.2
2020-08-18 06:20:39,75.09
2020-08-18 07:21:06,75.09
2020-08-18 07:31:10,75.09
2020-08-18 07:34:32,74.97
2020-08-18 08:24:55,75.09
2020-08-18 08:31:38,75.09
2020-08-18 08:41:42,75.09
2020-08-18 09:11:56,75.09
2020-08-18 10:12:23,75.2
2020-08-18 12:33:26,75.43
2020-08-18 13:10:22,75.54
2020-08-18 14:41:02,75.87
2020-08-18 15:31:24,76.1
2020-08-18 16:35:12,75.99
2020-08-18 16:52:00,76.1
2020-08-18 17:39:01,76.21
2020-08-18 17:49:05,76.21
2020-08-18 19:09:42,76.32
2020-08-18 20:26:56,76.21
2020-08-18 21:10:36,75.99
2020-08-18 21:47:32,75.87
2020-08-18 21:50:53,75.87
2020-08-19 00:55:36,75.43
2020-08-19 03:00:05,75.2
2020-08-19 06:11:22,74.75
2020-08-19 07:18:31,74.75
2020-08-19 07:21:52,74.75
2020-08-19 07:31:57,74.86
2020-08-19 07:35:18,74.75
2020-08-19 08:22:22,74.86
2020-08-19 08:35:49,74.75
2020-08-19 10:06:28,74.97
2020-08-19 12:27:32,75.09
2020-08-19 12:30:54,75.09
2020-08-19 13:31:20,75.2
2020-08-19 13:34:41,75.2
2020-08-19 13:58:12,75.31
2020-08-19 16:09:11,75.54
2020-08-19 16:15:53,75.54
2020-08-19 16:29:19,75.54
2020-08-19 16:56:11,75.43
2020-08-19 19:10:31,75.31
2020-08-19 19:17:14,75.31
2020-08-19 19:20:35,75.43
2020-08-19 19:50:48,75.31
2020-08-19 19:54:10,75.2
2020-08-19 20:34:28,75.2
2020-08-19 20:41:11,75.09
2020-08-19 21:28:12,74.97
2020-08-20 00:29:33,74.53
2020-08-20 03:00:41,74.19
2020-08-20 03:17:27,74.19
2020-08-20 03:37:37,74.19
2020-08-20 04:38:25,73.96
2020-08-20 05:25:05,73.96
2020-08-20 05:31:47,73.85
2020-08-20 06:15:27,73.85
2020-08-20 07:09:10,73.74
2020-08-20 07:59:33,73.62
2020-08-20 11:14:22,74.3
2020-08-20 11:24:25,74.3
2020-08-20 13:52:14,75.2
2020-08-20 14:05:40,75.2
2020-08-20 14:09:01,75.2
2020-08-20 14:22:27,75.31
2020-08-20 14:45:57,75.31
2020-08-20 15:19:32,75.31
2020-08-20 15:29:36,75.31
2020-08-20 15:43:02,75.54
2020-08-20 16:36:46,75.65
2020-08-20 17:33:51,75.54
2020-08-20 17:37:13,75.54
2020-08-20 17:40:34,75.54
2020-08-20 18:00:43,75.54
2020-08-20 18:04:05,75.54
2020-08-20 18:30:57,75.43
2020-08-20 18:37:40,75.54
2020-08-20 18:47:44,75.43
2020-08-20 19:21:22,75.43
2020-08-20 19:34:48,75.31
2020-08-20 20:25:11,75.31
2020-08-20 21:32:21,74.97
2020-08-20 23:39:58,74.64
2020-08-21 00:53:50,74.41
2020-08-21 02:04:21,74.3
2020-08-21 05:25:51,73.96
2020-08-21 06:02:46,73.96
2020-08-21 06:29:39,73.85
2020-08-21 06:56:30,73.96
2020-08-21 08:27:11,73.85
2020-08-21 09:04:08,73.85
2020-08-21 09:41:04,73.85
2020-08-21 11:38:36,74.19
2020-08-21 12:18:54,74.41
2020-08-21 13:02:33,74.53
2020-08-21 13:22:42,74.64
2020-08-21 13:29:25,74.64
2020-08-21 13:32:46,74.64
2020-08-21 14:16:26,74.86
2020-08-21 15:37:02,74.97
2020-08-21 15:47:05,75.09
2020-08-21 15:50:27,75.09
2020-08-21 15:57:10,75.09
2020-08-21 16:24:02,75.09
2020-08-21 16:57:37,75.09
2020-08-21 17:00:58,75.09
2020-08-21 17:07:41,75.09
2020-08-21 17:21:10,75.09
2020-08-21 17:34:36,75.09
2020-08-21 17:37:57,75.09
2020-08-21 17:54:45,74.97
2020-08-21 18:21:37,74.97
2020-08-21 19:22:04,74.86
2020-08-21 19:28:47,74.86
2020-08-21 21:33:03,74.75
2020-08-22 00:04:10,74.41
2020-08-22 03:29:04,74.19
2020-08-22 05:13:09,73.96
2020-08-22 06:50:33,73.96
2020-08-22 09:01:31,73.85
2020-08-22 09:38:27,73.96
2020-08-22 09:48:31,73.96
2020-08-22 10:48:58,74.19
2020-08-22 11:09:07,74.3
2020-08-22 12:19:38,74.53
2020-08-22 12:26:21,74.53
2020-08-22 12:43:08,74.64
2020-08-22 12:46:30,74.75
2020-08-22 12:56:34,74.64
2020-08-22 16:38:13,74.97
2020-08-22 17:55:27,75.31
2020-08-22 18:19:08,75.31
2020-08-22 19:22:51,75.2
2020-08-22 19:43:00,75.2
2020-08-22 19:49:44,75.2
2020-08-22 21:44:09,74.97
2020-08-22 21:47:31,74.97
2020-08-22 21:57:35,74.97
2020-08-22 23:01:24,74.86
2020-08-23 00:25:21,74.75
2020-08-23 02:46:26,74.53
2020-08-23 04:17:06,74.41
2020-08-23 04:43:58,74.3
2020-08-23 06:54:55,74.07
2020-08-23 06:58:16,74.07
2020-08-23 07:25:08,74.07
2020-08-23 07:28:30,74.07
2020-08-23 08:42:23,74.07
2020-08-23 09:02:32,74.19
2020-08-23 09:15:58,74.19
2020-08-23 09:59:37,74.3
2020-08-23 10:43:16,74.41
2020-08-23 11:30:17,74.64
2020-08-23 13:04:20,75.09
2020-08-23 15:48:56,75.54
2020-08-23 17:49:50,75.54
2020-08-23 18:33:29,75.54
2020-08-23 21:11:32,75.2
2020-08-23 22:22:04,74.97
2020-08-23 23:49:22,74.86
2020-08-24 00:06:09,74.86
2020-08-24 00:43:07,74.75
2020-08-24 00:49:49,74.75
2020-08-24 01:50:17,74.64
2020-08-24 04:38:10,74.41
2020-08-24 05:21:49,74.3
2020-08-24 05:28:32,74.3
2020-08-24 06:35:48,74.19
2020-08-24 07:29:32,74.07
2020-08-24 08:50:08,74.19
2020-08-24 09:43:51,74.3
2020-08-24 10:24:09,74.53
2020-08-24 11:34:41,74.97
2020-08-24 11:44:45,74.97
2020-08-24 12:04:53,75.09
2020-08-24 12:14:58,75.2
2020-08-24 13:08:43,75.43
2020-08-24 13:28:55,75.43
2020-08-24 13:49:04,75.43
2020-08-24 14:49:31,75.43
2020-08-24 15:13:01,75.43
2020-08-24 15:19:44,75.43
2020-08-24 16:03:23,75.65
2020-08-24 17:07:12,75.43
2020-08-24 17:23:59,75.43
2020-08-24 18:34:31,75.43
2020-08-24 18:47:57,75.31
2020-08-24 18:51:18,75.2
2020-08-24 19:21:35,75.2
2020-08-24 19:38:22,75.2
2020-08-24 20:01:53,75.2
2020-08-25 06:13:21,74.3
2020-08-25 06:16:43,74.3
2020-08-25 07:07:05,74.3
2020-08-25 07:47:24,74.19
2020-08-25 10:21:59,74.3
2020-08-25 11:12:21,74.41
2020-08-25 14:00:20,75.2
2020-08-25 14:17:07,75.43
2020-08-25 14:33:55,75.43
2020-08-25 15:07:30,75.54
2020-08-25 15:47:48,75.54
2020-08-25 16:21:23,75.65
2020-08-25 16:48:14,75.65
2020-08-25 17:25:12,75.65
2020-08-25 17:38:37,75.54
2020-08-25 18:15:33,75.54
2020-08-25 18:18:55,75.54
2020-08-25 18:32:21,75.54
2020-08-25 20:16:27,75.2
2020-08-25 20:36:36,75.2
2020-08-25 21:30:19,74.97
2020-08-25 22:20:42,74.75
2020-08-25 22:24:03,74.75
2020-08-25 22:37:29,74.75
2020-08-26 00:04:50,74.53
2020-08-26 01:05:16,74.3
2020-08-26 01:59:00,74.07
2020-08-26 03:09:31,73.85
2020-08-26 03:39:45,73.85
2020-08-26 03:53:10,73.74
2020-08-26 04:56:59,73.62
2020-08-26 05:33:55,73.51
2020-08-26 06:07:30,73.4
2020-08-26 07:28:09,73.29
2020-08-26 07:44:56,73.4
2020-08-26 10:42:56,73.29
2020-08-26 11:36:39,73.51
2020-08-26 12:13:36,73.62
2020-08-26 12:37:06,73.74
2020-08-26 13:00:36,73.85
2020-08-26 14:11:08,74.19
2020-08-26 16:55:41,74.53
2020-08-26 17:09:07,74.41
2020-08-26 17:19:11,74.41
2020-08-26 17:25:54,74.41
2020-08-26 17:52:46,74.3
2020-08-26 18:39:47,74.19
2020-08-26 19:20:05,74.19
2020-08-26 20:50:46,74.07
2020-08-26 21:31:04,73.85
2020-08-26 23:21:53,73.62
2020-08-26 23:48:45,73.62
2020-08-27 00:18:59,73.51
2020-08-27 00:35:46,73.51
2020-08-27 02:33:18,73.4
2020-08-27 03:53:55,73.18
2020-08-27 04:03:59,73.18
2020-08-27 04:07:21,73.18
2020-08-27 04:14:04,73.18
2020-08-27 05:41:22,73.06
2020-08-27 05:54:49,73.06
2020-08-27 06:21:43,73.06
2020-08-27 06:35:09,73.06
2020-08-27 06:51:57,72.95
2020-08-27 07:02:01,72.95
2020-08-27 07:15:27,72.95
2020-08-27 07:32:15,72.95
2020-08-27 08:02:28,72.95
2020-08-27 08:22:40,72.95
2020-08-27 09:02:58,72.84
2020-08-27 09:33:11,72.84
2020-08-27 11:40:47,72.61
2020-08-27 13:34:59,72.5
2020-08-27 13:41:42,72.61
2020-08-27 14:28:46,72.61
2020-08-27 15:02:17,72.72
2020-08-27 15:15:43,72.61
2020-08-27 15:42:35,72.72
2020-08-27 15:56:01,72.72
2020-08-27 16:06:06,72.72
2020-08-27 16:36:24,72.84
2020-08-27 17:06:37,72.84
2020-08-27 17:57:10,72.72
2020-08-27 18:27:13,72.72
2020-08-27 18:40:38,72.84
2020-08-27 18:54:04,72.84
2020-08-27 19:00:47,72.84
2020-08-27 19:07:30,72.84
2020-08-27 19:17:35,72.84
2020-08-27 20:51:37,72.84
2020-08-27 23:56:20,72.61
2020-08-28 00:40:00,72.61
2020-08-28 00:53:25,72.61
2020-08-28 01:27:00,72.61
2020-08-28 01:30:21,72.61
2020-08-28 02:00:34,72.61
2020-08-28 03:11:06,72.5
2020-08-28 03:54:45,72.5
2020-08-28 04:08:11,72.5
2020-08-28 04:11:32,72.5
2020-08-28 04:21:37,72.5
2020-08-28 06:42:39,72.5
2020-08-28 08:36:50,72.5
2020-08-28 10:00:47,72.5
2020-08-28 10:14:13,72.61
2020-08-28 10:27:39,72.61
2020-08-28 11:18:02,72.72
2020-08-28 11:24:44,72.72
2020-08-28 12:01:41,72.84
2020-08-28 12:15:06,72.84
2020-08-28 12:41:59,72.95
2020-08-28 12:55:24,73.06
2020-08-28 12:58:45,72.95
2020-08-28 13:59:12,73.18
2020-08-28 14:02:34,73.18
2020-08-28 14:42:51,73.29
2020-08-28 15:39:56,73.51
2020-08-28 16:03:26,73.62
2020-08-28 16:20:13,73.62
2020-08-28 16:33:39,73.74
2020-08-28 17:24:05,73.74
2020-08-28 17:27:26,73.74
2020-08-28 17:44:14,73.74
2020-08-28 17:47:35,73.74
2020-08-28 18:04:23,73.85
2020-08-28 19:04:50,73.85
2020-08-28 19:38:25,73.74
2020-08-28 21:22:32,73.51
2020-08-28 22:49:51,73.4
2020-08-29 00:33:57,73.18
2020-08-29 00:54:05,73.18
2020-08-29 01:47:49,73.06
2020-08-29 04:12:13,72.84
2020-08-29 04:49:09,72.84
2020-08-29 06:26:33,72.72
2020-08-29 06:53:24,72.84
2020-08-29 07:30:22,72.72
2020-08-29 10:08:12,72.72
2020-08-29 10:11:33,72.72
2020-08-29 10:35:03,72.72
2020-08-29 10:45:08,72.72
2020-08-29 13:49:53,72.84
2020-08-29 14:50:19,72.95
2020-08-29 15:54:07,73.4
2020-08-29 17:44:57,73.29
2020-08-29 18:01:44,73.4
2020-08-29 18:11:48,73.29
2020-08-29 18:38:41,73.29
2020-08-29 19:22:20,73.29
2020-08-29 21:19:52,73.18
2020-08-29 23:17:24,72.95
2020-08-29 23:34:12,72.95
2020-08-30 00:04:25,72.84
2020-08-30 00:34:39,72.84
2020-08-30 00:54:48,72.72
2020-08-30 01:45:11,72.72
2020-08-30 02:55:41,72.61
2020-08-30 02:59:03,72.61
2020-08-30 06:30:38,72.28
2020-08-30 07:47:52,72.28
2020-08-30 07:54:34,72.28
2020-08-30 10:29:02,72.05
2020-08-30 11:05:59,71.94
2020-08-30 11:39:34,71.94
2020-08-30 13:30:28,72.16
2020-08-30 14:10:49,72.39
2020-08-30 14:24:15,72.39
2020-08-30 16:01:39,72.61
2020-08-30 17:05:28,72.72
2020-08-30 17:25:36,72.72
2020-08-30 17:28:58,72.72
2020-08-30 18:29:25,72.61
2020-08-30 18:32:47,72.61
2020-08-30 18:46:12,72.5
2020-08-30 21:34:07,72.16
2020-08-30 22:17:46,72.16
2020-08-30 23:01:30,72.05
2020-08-30 23:55:13,72.05
2020-08-31 02:26:20,71.6
2020-08-31 02:49:50,71.6
2020-08-31 04:03:55,71.6
2020-08-31 09:02:34,71.26
2020-08-31 09:09:17,71.26
2020-08-31 09:29:26,71.26
2020-08-31 11:17:21,71.71
2020-08-31 11:53:50,71.94
2020-08-31 12:50:55,72.28
2020-08-31 13:04:21,72.39
2020-08-31 14:28:21,72.61
2020-08-31 14:45:10,72.61
2020-08-31 15:22:06,72.72
2020-08-31 15:45:36,72.61
2020-08-31 15:52:19,72.61
2020-08-31 17:39:47,72.61
2020-08-31 20:31:03,72.39
2020-08-31 21:31:30,72.16
2020-08-31 21:48:18,72.16
2020-08-31 23:22:19,71.94
